epoch,time,train/box_loss,train/seg_loss,train/cls_loss,train/dfl_loss,metrics/precision(B),metrics/recall(B),metrics/mAP50(B),metrics/mAP50-95(B),metrics/precision(M),metrics/recall(M),metrics/mAP50(M),metrics/mAP50-95(M),val/box_loss,val/seg_loss,val/cls_loss,val/dfl_loss,lr/pg0,lr/pg1,lr/pg2
1,12.339,1.53972,6.86732,3.1485,1.72528,0.00683,0.61111,0.44321,0.27175,0.00553,0.48925,0.3586,0.13921,1.46691,9.88249,3.28176,1.95018,4.287e-05,4.287e-05,4.287e-05
2,24.3798,1.26232,4.82591,2.97629,1.50696,0.70874,0.37664,0.43629,0.28063,0.64974,0.33662,0.37029,0.15323,1.39831,7.69843,3.07283,1.78349,9.96396e-05,9.96396e-05,9.96396e-05
3,36.494,1.26485,3.83926,2.86845,1.55145,1,0.15916,0.39838,0.27796,1,0.15916,0.35289,0.16454,1.33728,7.5559,3.01874,1.6083,0.000154745,0.000154745,0.000154745
4,48.2361,1.13763,3.08485,2.65526,1.43251,0.96726,0.23656,0.3121,0.20849,0.96726,0.23656,0.30594,0.18722,1.38108,5.06505,2.94564,1.57147,0.000206899,0.000206899,0.000206899
5,59.9743,1.04993,2.7197,2.49716,1.36039,0.94959,0.29032,0.35697,0.21095,0.94959,0.29032,0.35441,0.2415,1.35816,3.26666,2.74108,1.57454,0.000254886,0.000254886,0.000254886
6,71.8036,1.11031,2.593,2.28318,1.40116,0.9883,0.2958,0.40416,0.24944,0.9883,0.2958,0.39683,0.27708,1.23338,2.88127,2.52416,1.49242,0.000297599,0.000297599,0.000297599
7,83.3489,1.07696,2.50529,2.15709,1.32813,0.85868,0.35812,0.44492,0.29737,0.85868,0.35812,0.44225,0.29776,1.19399,2.57281,2.2252,1.43764,0.000334067,0.000334067,0.000334067
8,94.5199,1.12918,2.35917,1.9474,1.35525,0.67664,0.47849,0.45153,0.31881,0.69249,0.49874,0.44481,0.30019,1.15387,2.58277,2.13043,1.3658,0.000363484,0.000363484,0.000363484
9,106.006,0.9852,2.23441,1.79603,1.31685,0.87749,0.60196,0.62388,0.41846,0.8661,0.56705,0.59746,0.40828,1.15131,2.53435,1.96465,1.36297,0.000385233,0.000385233,0.000385233
10,117.78,1.08476,2.23607,1.61868,1.3249,0.94112,0.63441,0.69574,0.45553,0.93218,0.62515,0.6605,0.43376,1.18098,2.5522,1.75519,1.37085,0.000398901,0.000398901,0.000398901
11,129.787,0.87664,1.9492,1.52897,1.27446,0.94659,0.64516,0.71153,0.47314,0.93736,0.6359,0.67982,0.43584,1.16491,2.58079,1.76833,1.36547,0.000404299,0.000404299,0.000404299
12,141.728,0.97882,2.10412,1.46295,1.32738,0.96435,0.62654,0.71427,0.49266,0.95419,0.61729,0.71483,0.42101,1.15249,2.46394,2.02077,1.34334,0.000401469,0.000401469,0.000401469
13,153.36,1.04391,2.09042,1.41374,1.26451,0.66953,0.71905,0.7203,0.49495,0.66121,0.74373,0.71606,0.4658,1.10108,2.11832,2.14242,1.30687,0.000390691,0.000390691,0.000390691
14,165.135,0.97385,1.78131,1.38984,1.28199,0.68644,0.65507,0.72146,0.51438,0.74319,0.69127,0.74499,0.51507,1.01026,1.8992,2.07059,1.23539,0.000372476,0.000372476,0.000372476
15,176.972,0.9873,1.70393,1.2926,1.29193,0.70436,0.73083,0.7488,0.53762,0.77414,0.72157,0.74357,0.50493,1.00396,1.89855,1.8162,1.22507,0.000347569,0.000347569,0.000347569
16,188.571,0.93605,1.86377,1.52975,1.31974,0.70436,0.73083,0.7488,0.53762,0.77414,0.72157,0.74357,0.50493,1.00396,1.89855,1.8162,1.22507,0.000316928,0.000316928,0.000316928
17,199.868,0.96297,1.87164,1.51243,1.41152,0.65829,0.83749,0.74941,0.54905,0.6565,0.82563,0.73913,0.48932,0.94412,1.95584,1.57376,1.17475,0.000281713,0.000281713,0.000281713
18,211.239,0.89189,1.86115,1.45938,1.26468,0.77173,0.84362,0.76766,0.5574,0.74026,0.80406,0.74293,0.50501,0.94294,1.80692,1.40301,1.17561,0.000243264,0.000243264,0.000243264
19,222.824,0.89932,1.73505,1.37062,1.35164,0.77173,0.84362,0.76766,0.5574,0.74026,0.80406,0.74293,0.50501,0.94294,1.80692,1.40301,1.17561,0.00020307,0.00020307,0.00020307
20,234.551,0.81566,1.69809,1.31928,1.29212,0.82731,0.82847,0.80216,0.57432,0.77511,0.77229,0.76199,0.53259,0.95202,1.67895,1.35765,1.18266,0.000162744,0.000162744,0.000162744
21,245.997,0.86059,1.64063,1.30311,1.26206,0.82812,0.82255,0.78082,0.57969,0.78321,0.75097,0.76131,0.56308,0.92353,1.59472,1.31263,1.14785,0.000123988,0.000123988,0.000123988
22,257.481,0.81116,1.67638,1.24753,1.26473,0.82812,0.82255,0.78082,0.57969,0.78321,0.75097,0.76131,0.56308,0.92353,1.59472,1.31263,1.14785,8.8553e-05,8.8553e-05,8.8553e-05
23,269.199,0.84647,1.6021,1.29073,1.28671,0.80137,0.82258,0.78009,0.58998,0.77639,0.78302,0.76569,0.57177,0.88105,1.54314,1.30038,1.1186,5.82063e-05,5.82063e-05,5.82063e-05
24,280.9,0.85259,1.62756,1.27069,1.29413,0.80137,0.82258,0.78009,0.58998,0.77639,0.78302,0.76569,0.57177,0.88105,1.54314,1.30038,1.1186,3.46872e-05,3.46872e-05,3.46872e-05
25,292.281,0.80513,1.59698,1.20176,1.21509,0.80089,0.82258,0.77968,0.59132,0.77726,0.78302,0.7623,0.57089,0.8574,1.52461,1.30234,1.10414,1.9669e-05,1.9669e-05,1.9669e-05
